{"cameraMode":{"drawMode":0,"name":"Shaded","section":"Shading Mode"},"sceneLighting":false,"audioPlay":false,"sceneViewState":{"showFog":true,"showMaterialUpdate":false,"showSkybox":true,"showFlares":true,"showImageEffects":true,"showParticleSystems":true},"in2DMode":false,"pivot":{"x":8.794838905334473,"y":7.553779602050781,"z":9.20431137084961},"rotation":{"x":-0.19686450064182282,"y":0.43921807408332827,"z":-0.09928619861602783,"w":-0.870912492275238},"size":2.857883930206299,"orthographic":false}