{"cameraMode":{"drawMode":0,"name":"Shaded","section":"Shading Mode"},"sceneLighting":true,"audioPlay":false,"sceneViewState":{"showFog":true,"showMaterialUpdate":false,"showSkybox":true,"showFlares":true,"showImageEffects":true,"showParticleSystems":true},"in2DMode":false,"pivot":{"x":8.794838905334473,"y":7.553779602050781,"z":9.20431137084961},"rotation":{"x":-0.34405839443206789,"y":-0.019156139343976976,"z":0.007017552852630615,"w":-0.9387338757514954},"size":37.171146392822269,"orthographic":false}